{"cameraMode":{"drawMode":0,"name":"Shaded","section":"Shading Mode"},"sceneLighting":false,"audioPlay":false,"sceneViewState":{"m_AlwaysRefresh":false,"showFog":true,"showSkybox":false,"showFlares":true,"showImageEffects":true,"showParticleSystems":true,"showVisualEffectGraphs":true,"m_FxEnabled":true},"in2DMode":false,"pivot":{"x":2.0749318599700929,"y":1.050424337387085,"z":-0.9917099475860596},"rotation":{"x":0.15101981163024903,"y":-0.8403205871582031,"z":0.29659372568130495,"w":0.4282852113246918},"size":2.0520167350769045,"orthographic":false}