{"cameraMode":{"drawMode":0,"name":"Shaded","section":"Shading Mode"},"sceneLighting":true,"audioPlay":false,"sceneViewState":{"m_AlwaysRefresh":false,"showFog":true,"showSkybox":true,"showFlares":true,"showImageEffects":true,"showParticleSystems":true,"showVisualEffectGraphs":true,"m_FxEnabled":false},"in2DMode":false,"pivot":{"x":-21.27410125732422,"y":-0.8232222199440002,"z":3.127875328063965},"rotation":{"x":0.049154363572597507,"y":-0.8647865653038025,"z":0.08611474186182022,"w":0.49245864152908327},"size":5.5675578117370609,"orthographic":false}