{"cameraMode":{"drawMode":0,"name":"Shaded","section":"Shading Mode"},"sceneLighting":false,"audioPlay":false,"sceneViewState":{"m_AlwaysRefresh":false,"showFog":true,"showSkybox":false,"showFlares":true,"showImageEffects":true,"showParticleSystems":true,"showVisualEffectGraphs":true,"m_FxEnabled":false},"in2DMode":false,"pivot":{"x":-0.6157649159431458,"y":0.10599884390830994,"z":-1.5779523849487305},"rotation":{"x":-0.38422149419784548,"y":-0.3560057282447815,"z":0.16363418102264405,"w":-0.8360058069229126},"size":2.7575900554656984,"orthographic":false}